{"Training Loss": 0.05311067774891853, "_runtime": 83, "_timestamp": 1642613175, "_step": 21, "gradients/linear.bias": {"_type": "histogram", "values": [1.0, 0.0, 0.0, 0.0, 0.0, 0.0, 0.0, 0.0, 0.0, 0.0, 0.0, 0.0, 0.0, 0.0, 0.0, 0.0, 0.0, 0.0, 0.0, 0.0, 0.0, 0.0, 0.0, 0.0, 0.0, 0.0, 0.0, 0.0, 0.0, 0.0, 0.0, 0.0, 0.0, 0.0, 0.0, 0.0, 0.0, 0.0, 0.0, 0.0, 0.0, 0.0, 0.0, 0.0, 0.0, 0.0, 0.0, 0.0, 0.0, 4.0, 0.0, 2.0, 2.0, 1.0, 0.0, 0.0, 1.0, 0.0, 0.0, 0.0, 1.0, 0.0, 0.0, 1.0], "bins": [-0.033428117632865906, -0.03274815157055855, -0.03206818923354149, -0.03138822317123413, -0.030708257108926773, -0.030028292909264565, -0.029348328709602356, -0.028668362647294998, -0.02798839844763279, -0.02730843424797058, -0.026628468185663223, -0.025948503986001015, -0.025268537923693657, -0.02458857372403145, -0.02390860766172409, -0.023228643462061882, -0.022548679262399673, -0.021868715062737465, -0.021188749000430107, -0.0205087848007679, -0.01982881873846054, -0.019148854538798332, -0.018468890339136124, -0.017788924276828766, -0.017108958214521408, -0.0164289940148592, -0.015749027952551842, -0.015069063752889633, -0.01438909862190485, -0.013709133490920067, -0.013029168359935284, -0.0123492032289505, -0.011669238097965717, -0.010989272966980934, -0.010309307835996151, -0.009629342705011368, -0.00894937850534916, -0.008269413374364376, -0.007589448243379593, -0.006909483578056097, -0.006229518912732601, -0.005549553781747818, -0.004869589116424322, -0.004189623985439539, -0.0035096590872853994, -0.00282969418913126, -0.0021497290581464767, -0.0014697643928229809, -0.0007897987961769104, -0.00010983383981510997, 0.0005701311165466905, 0.0012500961311161518, 0.0019300610292702913, 0.002610025927424431, 0.003289991058409214, 0.00396995572373271, 0.004649920854717493, 0.005329885985702276, 0.006009850651025772, 0.006689815782010555, 0.0073697809129953384, 0.008049745112657547, 0.008729711174964905, 0.009409675374627113, 0.010089640505611897]}, "gradients/linear.weight": {"_type": "histogram", "values": [73.0, 27.0, 0.0, 0.0, 0.0, 0.0, 24.0, 60.0, 22.0, 14.0, 0.0, 3.0, 59.0, 62.0, 6.0, 11.0, 81.0, 58.0, 85.0, 39.0, 15.0, 5.0, 103.0, 123.0, 20.0, 12.0, 202.0, 21.0, 29.0, 45.0, 52.0, 120.0, 32.0, 97.0, 24.0, 4.0, 20.0, 12.0, 1.0, 12.0, 41.0, 145.0, 39.0, 263.0, 182.0, 94.0, 173.0, 302.0, 888.0, 42859.0, 5440.0, 2850.0, 1399.0, 779.0, 667.0, 527.0, 566.0, 275.0, 368.0, 71.0, 183.0, 119.0, 1.0, 100.0], "bins": [-0.07069560885429382, -0.06925595551729202, -0.06781629472970963, -0.06637664139270782, -0.06493698060512543, -0.06349732726812363, -0.06205766648054123, -0.06061801314353943, -0.05917835235595703, -0.05773869529366493, -0.05629903823137283, -0.054859381169080734, -0.053419724106788635, -0.051980067044496536, -0.05054040998220444, -0.04910075664520264, -0.04766109958291054, -0.04622144252061844, -0.04478178545832634, -0.04334212839603424, -0.04190247133374214, -0.04046281427145004, -0.03902316093444824, -0.037583500146865845, -0.036143846809864044, -0.034704189747571945, -0.033264532685279846, -0.03182487562298775, -0.030385218560695648, -0.02894556149840355, -0.0275059062987566, -0.0260662492364645, -0.024626588448882103, -0.023186931386590004, -0.021747274324297905, -0.020307619124650955, -0.018867962062358856, -0.017428305000066757, -0.015988647937774658, -0.01454899087548256, -0.013109331950545311, -0.011669674888253212, -0.010230017825961113, -0.008790361694991589, -0.00735070463269949, -0.005911047570407391, -0.004471391439437866, -0.003031734377145767, -0.0015920791774988174, -0.0001524223480373621, 0.0012872344814240932, 0.002726891078054905, 0.004166548140347004, 0.005606205202639103, 0.007045861333608627, 0.008485518395900726, 0.009925175458192825, 0.011364832520484924, 0.012804489582777023, 0.014244145713746548, 0.01568380370736122, 0.01712346076965332, 0.01856311596930027, 0.02000277303159237, 0.021442430093884468]}, "gradients/conv2.0.weight": {"_type": "histogram", "values": [1.0, 1.0, 3.0, 3.0, 12.0, 0.0, 16.0, 5.0, 4.0, 6.0, 11.0, 12.0, 3.0, 3.0, 10.0, 20.0, 23.0, 25.0, 23.0, 16.0, 13.0, 45.0, 51.0, 54.0, 112.0, 125.0, 150.0, 140.0, 192.0, 207.0, 210.0, 444.0, 8390.0, 466.0, 471.0, 336.0, 252.0, 214.0, 130.0, 125.0, 87.0, 65.0, 75.0, 85.0, 12.0, 0.0, 11.0, 23.0, 13.0, 5.0, 21.0, 13.0, 24.0, 15.0, 2.0, 0.0, 0.0, 0.0, 0.0, 3.0, 0.0, 8.0, 6.0, 8.0], "bins": [-0.04990433156490326, -0.04835742339491844, -0.046810515224933624, -0.04526360705494881, -0.04371669888496399, -0.04216978698968887, -0.040622878819704056, -0.03907597064971924, -0.03752906247973442, -0.0359821543097496, -0.034435246139764786, -0.03288833796977997, -0.03134142607450485, -0.029794519767165184, -0.028247609734535217, -0.0267007015645504, -0.025153793394565582, -0.023606885224580765, -0.022059977054595947, -0.02051306702196598, -0.018966158851981163, -0.017419250681996346, -0.01587234064936638, -0.014325432479381561, -0.012778524309396744, -0.011231616139411926, -0.009684707038104534, -0.008137797936797142, -0.0065908897668123245, -0.00504398113116622, -0.003497072495520115, -0.0019501633942127228, -0.00040325894951820374, 0.001143649686127901, 0.002690558321774006, 0.004237466957420111, 0.0057843755930662155, 0.00733128422871232, 0.008878192864358425, 0.010425101965665817, 0.011972010135650635, 0.013518918305635452, 0.015065827406942844, 0.016612736508250237, 0.018159644678235054, 0.01970655284821987, 0.021253462880849838, 0.022800371050834656, 0.024347279220819473, 0.02589418739080429, 0.02744109556078911, 0.028988005593419075, 0.030534913763403893, 0.03208182379603386, 0.03362873196601868, 0.035175640136003494, 0.03672254830598831, 0.03826945647597313, 0.03981636464595795, 0.041363272815942764, 0.04291018098592758, 0.0444570928812027, 0.046004001051187515, 0.04755090922117233, 0.04909781739115715]}, "gradients/conv2.0.bias": {"_type": "histogram", "values": [1.0, 0.0, 1.0, 0.0, 0.0, 0.0, 0.0, 1.0, 0.0, 0.0, 0.0, 0.0, 1.0, 1.0, 1.0, 0.0, 0.0, 0.0, 0.0, 0.0, 1.0, 0.0, 0.0, 1.0, 0.0, 0.0, 0.0, 1.0, 3.0, 0.0, 3.0, 1.0, 1.0, 3.0, 0.0, 0.0, 0.0, 0.0, 0.0, 2.0, 1.0, 0.0, 2.0, 1.0, 1.0, 0.0, 0.0, 1.0, 0.0, 0.0, 0.0, 1.0, 0.0, 1.0, 0.0, 1.0, 0.0, 0.0, 0.0, 0.0, 0.0, 0.0, 0.0, 1.0], "bins": [-0.028999993577599525, -0.0280605498701334, -0.027121104300022125, -0.026181660592556, -0.025242216885089874, -0.0243027713149786, -0.023363327607512474, -0.0224238820374012, -0.021484438329935074, -0.02054499462246895, -0.019605549052357674, -0.018666105344891548, -0.017726659774780273, -0.016787216067314148, -0.015847772359848022, -0.014908327721059322, -0.013968883082270622, -0.013029438443481922, -0.012089993804693222, -0.011150550097227097, -0.010211105458438396, -0.009271660819649696, -0.00833221711218357, -0.007392772473394871, -0.006453327834606171, -0.0055138831958174706, -0.004574439022690058, -0.0036349946167320013, -0.002695550210773945, -0.0017561055719852448, -0.000816661398857832, 0.00012278277426958084, 0.0010622255504131317, 0.002001669956371188, 0.0029411143623292446, 0.003880558768287301, 0.0048200031742453575, 0.005759447813034058, 0.00669889198616147, 0.007638336159288883, 0.008577780798077583, 0.009517225436866283, 0.010456670075654984, 0.011396113783121109, 0.012335558421909809, 0.01327500306069851, 0.014214446768164635, 0.015153891406953335, 0.016093336045742035, 0.01703277975320816, 0.017972225323319435, 0.01891166903078556, 0.019851114600896835, 0.02079055830836296, 0.021730002015829086, 0.022669445723295212, 0.023608891293406487, 0.024548335000872612, 0.025487780570983887, 0.026427224278450012, 0.027366667985916138, 0.028306113556027412, 0.029245557263493538, 0.030185002833604813, 0.031124446541070938]}, "gradients/conv1.0.weight": {"_type": "histogram",