{"gradients/linear.bias": {"_type": "histogram", "values": [1.0, 0.0, 0.0, 0.0, 0.0, 0.0, 0.0, 0.0, 0.0, 0.0, 0.0, 0.0, 0.0, 0.0, 0.0, 0.0, 0.0, 0.0, 0.0, 0.0, 0.0, 0.0, 0.0, 0.0, 0.0, 0.0, 0.0, 0.0, 0.0, 0.0, 0.0, 0.0, 0.0, 0.0, 0.0, 0.0, 0.0, 5.0, 3.0, 2.0, 1.0, 0.0, 0.0, 0.0, 0.0, 0.0, 0.0, 0.0, 0.0, 0.0, 0.0, 0.0, 0.0, 0.0, 0.0, 0.0, 0.0, 0.0, 0.0, 0.0, 0.0, 0.0, 0.0, 1.0], "bins": [-0.2160816788673401, -0.2103113830089569, -0.20454108715057373, -0.19877079129219055, -0.19300049543380737, -0.1872301995754242, -0.18145990371704102, -0.17568960785865784, -0.16991931200027466, -0.16414901614189148, -0.1583787202835083, -0.15260842442512512, -0.14683812856674194, -0.14106783270835876, -0.13529753684997559, -0.1295272409915924, -0.12375693023204803, -0.11798663437366486, -0.11221633851528168, -0.1064460426568985, -0.10067574679851532, -0.09490545094013214, -0.08913514763116837, -0.08336485177278519, -0.07759454846382141, -0.07182425260543823, -0.06605395674705505, -0.06028365716338158, -0.0545133613049984, -0.04874306544661522, -0.04297276586294174, -0.03720247000455856, -0.031432196497917175, -0.025661900639533997, -0.01989160291850567, -0.01412130519747734, -0.008351009339094162, -0.0025807134807109833, 0.003189586102962494, 0.008959881961345673, 0.014730170369148254, 0.020500466227531433, 0.02627076394855976, 0.03204106166958809, 0.03781135752797127, 0.043581653386354446, 0.049351952970027924, 0.0551222488284111, 0.06089255213737488, 0.06666284799575806, 0.07243314385414124, 0.07820343971252441, 0.08397373557090759, 0.08974403142929077, 0.09551433473825455, 0.10128463059663773, 0.1070549264550209, 0.11282522231340408, 0.11859551817178726, 0.12436582148075104, 0.13013611733913422, 0.1359064131975174, 0.14167670905590057, 0.14744700491428375, 0.15321730077266693]}, "gradients/linear.weight": {"_type": "histogram", "values": [4.0, 2.0, 5.0, 9.0, 24.0, 38.0, 11.0, 14.0, 29.0, 40.0, 57.0, 70.0, 93.0, 112.0, 48.0, 31.0, 48.0, 68.0, 72.0, 92.0, 52.0, 37.0, 83.0, 44.0, 104.0, 65.0, 94.0, 55.0, 39.0, 21.0, 107.0, 58.0, 112.0, 93.0, 207.0, 44588.0, 9967.0, 1444.0, 246.0, 92.0, 86.0, 53.0, 95.0, 86.0, 134.0, 75.0, 77.0, 80.0, 117.0, 74.0, 77.0, 46.0, 113.0, 116.0, 76.0, 76.0, 35.0, 25.0, 17.0, 48.0, 8.0, 8.0, 3.0, 4.0], "bins": [-0.46049532294273376, -0.44766297936439514, -0.4348306655883789, -0.4219983220100403, -0.40916600823402405, -0.3963336646556854, -0.3835013508796692, -0.37066900730133057, -0.35783669352531433, -0.3450043499469757, -0.3321720361709595, -0.31933969259262085, -0.3065073788166046, -0.293675035238266, -0.28084272146224976, -0.26801037788391113, -0.2551780343055725, -0.24234570562839508, -0.22951337695121765, -0.21668104827404022, -0.2038487195968628, -0.19101637601852417, -0.17818406224250793, -0.1653517186641693, -0.15251940488815308, -0.13968707621097565, -0.12685474753379822, -0.11402241885662079, -0.10119009017944336, -0.08835775405168533, -0.0755254253745079, -0.06269309669733047, -0.04986077547073364, -0.03702844679355621, -0.024196116253733635, -0.011363785713911057, 0.0014685429632663727, 0.0143008753657341, 0.02713320404291153, 0.03996553272008896, 0.05279785394668579, 0.06563018262386322, 0.07846251130104065, 0.09129483997821808, 0.10412716865539551, 0.11695950478315353, 0.12979182600975037, 0.142624169588089, 0.15545649826526642, 0.16828882694244385, 0.18112115561962128, 0.1939534842967987, 0.20678581297397614, 0.21961814165115356, 0.2324504852294922, 0.24528279900550842, 0.25811514258384705, 0.27094748616218567, 0.2837797999382019, 0.2966121435165405, 0.30944445729255676, 0.3222768008708954, 0.3351091146469116, 0.34794145822525024, 0.3607737720012665]}, "gradients/conv2.0.weight": {"_type": "histogram", "values": [4.0, 4.0, 4.0, 8.0, 4.0, 11.0, 10.0, 19.0, 20.0, 17.0, 18.0, 30.0, 31.0, 36.0, 44.0, 45.0, 49.0, 62.0, 58.0, 91.0, 96.0, 84.0, 98.0, 122.0, 120.0, 115.0, 117.0, 103.0, 118.0, 155.0, 449.0, 8673.0, 844.0, 196.0, 119.0, 56.0, 20.0, 5.0, 16.0, 26.0, 23.0, 28.0, 37.0, 54.0, 52.0, 48.0, 42.0, 46.0, 31.0, 44.0, 45.0, 45.0, 41.0, 34.0, 25.0, 24.0, 23.0, 21.0, 13.0, 6.0, 7.0, 3.0, 7.0, 4.0], "bins": [-0.120331309735775, -0.11655621975660324, -0.11278112232685089, -0.10900603234767914, -0.10523093491792679, -0.10145584493875504, -0.09768074750900269, -0.09390565752983093, -0.09013056755065918, -0.08635547757148743, -0.08258038014173508, -0.07880529016256332, -0.07503019273281097, -0.07125510275363922, -0.06748001277446747, -0.06370491534471512, -0.05992981791496277, -0.05615472421050072, -0.052379630506038666, -0.04860454052686691, -0.04482944309711456, -0.04105435311794281, -0.03727925941348076, -0.03350416570901871, -0.029729075729846954, -0.025953982025384903, -0.02217888832092285, -0.01840379647910595, -0.014628702774643898, -0.010853609070181847, -0.0070785172283649445, -0.003303423523902893, 0.00047166645526885986, 0.004246759694069624, 0.008021852932870388, 0.011796945706009865, 0.015572039410471916, 0.019347133114933968, 0.02312222495675087, 0.02689731866121292, 0.03067241609096527, 0.03444750979542732, 0.038222603499889374, 0.04199769347906113, 0.04577279090881348, 0.04954788088798523, 0.05332297459244728, 0.05709806829690933, 0.060873158276081085, 0.06464824825525284, 0.06842334568500519, 0.07219843566417694, 0.07597353309392929, 0.07974862307310104, 0.0835237205028534, 0.08729881048202515, 0.0910739004611969, 0.09484899044036865, 0.098624087870121, 0.10239917784929276, 0.1061742752790451, 0.10994936525821686, 0.11372445523738861, 0.11749955266714096, 0.12127465009689331]}, "gradients/conv2.0.bias": {"_type": "histogram", "values": [1.0, 0.0, 0.0, 0.0, 0.0, 0.0, 1.0, 0.0, 0.0, 0.0, 0.0, 0.0, 2.0, 0.0, 0.0, 0.0, 0.0, 1.0, 0.0, 2.0, 0.0, 0.0, 1.0, 1.0, 1.0, 0.0, 0.0, 2.0, 0.0, 1.0, 2.0, 10.0, 0.0, 0.0, 1.0, 0.0, 1.0, 0.0, 0.0, 0.0, 0.0, 0.0, 0.0, 0.0, 0.0, 0.0, 0.0, 0.0, 0.0, 0.0, 1.0, 0.0, 1.0, 0.0, 0.0, 0.0, 0.0, 0.0, 0.0, 0.0, 0.0, 1.0, 1.0, 1.0], "bins": [-0.11522618681192398, -0.11160919070243835, -0.10799220204353333, -0.1043752059340477, -0.10075821727514267, -0.09714122116565704, -0.09352423250675201, -0.08990723639726639, -0.08629024028778076, -0.08267324417829514, -0.0790562555193901, -0.07543925940990448, -0.07182227075099945, -0.06820527464151382, -0.0645882785320282, -0.06097128987312317, -0.05735430121421814, -0.05373730883002281, -0.050120316445827484, -0.04650332033634186, -0.04288633167743683, -0.0392693355679512, -0.035652343183755875, -0.03203535079956055, -0.02841835469007492, -0.024801362305879593, -0.021184369921684265, -0.017567375674843788, -0.01395038329064846, -0.010333390906453133, -0.006716396659612656, -0.003099404275417328, 0.0005175918340682983, 0.004134584683924913, 0.0077515775337815285, 0.01136857084929943, 0.014985563233494759, 0.018602555617690086, 0.022219549864530563, 0.02583654224872589, 0.02945353090763092, 0.03307052329182625, 0.036687515676021576, 0.0403045117855072, 0.04392150044441223, 0.04753849655389786, 0.051155488938093185, 0.05477248132228851, 0.05838947743177414, 0.06200646981596947, 0.0656234622001648, 0.06924045830965042, 0.07285744696855545, 0.07647444307804108, 0.0800914317369461, 0.08370842784643173, 0.08732542395591736, 0.09094242006540298, 0.09455940872430801, 0.09817640483379364, 0.10179339349269867, 0.1054103896021843, 0.10902738571166992, 0.11264437437057495, 0.11626136302947998]}, "gradients/conv1.0.weight": {"_type": "histogram", "values": [2.0, 1.0, 1.0, 2.0, 1.0, 3.0, 0.0, 1.0, 3.0, 4.0, 3.0, 7.0, 7.0, 6.0, 4.0, 48.0, 6.0, 0.0, 0.0, 0.0, 0.0, 0.0, 0.0, 0.0, 1.0, 1.0, 2.0, 3.0, 3.0, 1.0, 1.0, 2.0, 1.0, 1.0, 1.0, 4.0, 2.0, 1.0, 2.0, 2.0, 2.0, 2.0, 2.0, 1.0, 0.0, 1.0, 0.0, 0.0, 0.0, 0.0, 0.0, 1.0, 1.0, 2.0, 0.0, 0.0, 2.0, 0.0, 0.0, 0.0, 1.0, 0.0, 1.0, 1.0],