{"Training Loss": 0.7433001399040222, "_runtime": 75, "_timestamp": 1642613672, "_step": 21, "gradients/linear.bias": {"_type": "histogram", "values": [1.0, 0.0, 0.0, 0.0, 0.0, 0.0, 0.0, 0.0, 0.0, 0.0, 0.0, 0.0, 0.0, 0.0, 0.0, 0.0, 1.0, 0.0, 0.0, 0.0, 0.0, 0.0, 0.0, 0.0, 0.0, 0.0, 0.0, 0.0, 0.0, 4.0, 3.0, 1.0, 2.0, 0.0, 0.0, 0.0, 0.0, 0.0, 0.0, 0.0, 0.0, 0.0, 0.0, 0.0, 0.0, 0.0, 0.0, 0.0, 0.0, 0.0, 0.0, 0.0, 0.0, 0.0, 0.0, 0.0, 0.0, 0.0, 0.0, 0.0, 0.0, 0.0, 0.0, 1.0], "bins": [-0.44468849897384644, -0.4298061430454254, -0.414923757314682, -0.400041401386261, -0.38515904545783997, -0.37027665972709656, -0.35539430379867554, -0.34051191806793213, -0.3256295621395111, -0.3107472062110901, -0.2958648204803467, -0.28098246455192566, -0.26610010862350464, -0.25121772289276123, -0.2363353669643402, -0.221452996134758, -0.20657064020633698, -0.19168826937675476, -0.17680591344833374, -0.16192354261875153, -0.1470411717891693, -0.1321588158607483, -0.11727644503116608, -0.10239407420158386, -0.08751171827316284, -0.07262935489416122, -0.05774698406457901, -0.04286462068557739, -0.027982253581285477, -0.01309988647699356, 0.0017824769020080566, 0.01666484773159027, 0.031547218561172485, 0.0464295856654644, 0.06131195276975632, 0.07619431614875793, 0.09107668697834015, 0.10595905035734177, 0.12084141373634338, 0.1357237845659256, 0.1506061553955078, 0.16548852622509003, 0.18037088215351105, 0.19525325298309326, 0.21013562381267548, 0.2250179946422577, 0.2399003505706787, 0.2547827363014221, 0.26966506242752075, 0.2845474183559418, 0.2994298040866852, 0.3143121600151062, 0.3291945159435272, 0.34407690167427063, 0.35895925760269165, 0.37384164333343506, 0.3887239992618561, 0.4036063551902771, 0.4184887409210205, 0.43337109684944153, 0.44825345277786255, 0.46313583850860596, 0.478018194437027, 0.492900550365448, 0.5077829360961914]}, "gradients/linear.weight": {"_type": "histogram", "values": [29.0, 9.0, 33.0, 9.0, 9.0, 12.0, 18.0, 12.0, 29.0, 14.0, 28.0, 13.0, 13.0, 48.0, 24.0, 25.0, 14.0, 25.0, 24.0, 12.0, 9.0, 9.0, 14.0, 32.0, 28.0, 82.0, 171.0, 189.0, 188.0, 321.0, 357.0, 610.0, 1974.0, 52682.0, 1239.0, 627.0, 205.0, 101.0, 76.0, 91.0, 29.0, 33.0, 5.0, 5.0, 14.0, 16.0, 24.0, 27.0, 10.0, 10.0, 32.0, 33.0, 22.0, 22.0, 26.0, 17.0, 29.0, 23.0, 26.0, 12.0, 11.0, 24.0, 24.0, 25.0], "bins": [-1.3061612844467163, -1.2666224241256714, -1.227083444595337, -1.187544584274292, -1.148005723953247, -1.1084667444229126, -1.0689278841018677, -1.0293889045715332, -0.9898500442504883, -0.9503111243247986, -0.9107722043991089, -0.871233344078064, -0.8316944241523743, -0.7921555042266846, -0.7526166439056396, -0.71307772397995, -0.6735388040542603, -0.6339998841285706, -0.5944609642028809, -0.5549221038818359, -0.5153831839561462, -0.47584426403045654, -0.43630537390708923, -0.3967664837837219, -0.3572275638580322, -0.31768864393234253, -0.2781497538089752, -0.23861084878444672, -0.1990719437599182, -0.1595330387353897, -0.1199941337108612, -0.0804552435874939, -0.04091620445251465, -0.001377299427986145, 0.03816160559654236, 0.07770051062107086, 0.11723941564559937, 0.15677832067012787, 0.19631722569465637, 0.23585611581802368, 0.2753950357437134, 0.3149339556694031, 0.3544728457927704, 0.3940117359161377, 0.4335506558418274, 0.4730895757675171, 0.512628436088562, 0.5521673560142517, 0.5917062759399414, 0.6312451958656311, 0.6707841157913208, 0.7103229761123657, 0.7498618960380554, 0.7894008159637451, 0.82893967628479, 0.8684785962104797, 0.9080175161361694, 0.9475564360618591, 0.9870953559875488, 1.0266342163085938, 1.0661730766296387, 1.1057120561599731, 1.145250916481018, 1.1847898960113525, 1.2243287563323975]}, "gradients/conv2.0.weight": {"_type": "histogram", "values": [6.0, 3.0, 1.0, 2.0, 4.0, 5.0, 7.0, 2.0, 8.0, 7.0, 16.0, 25.0, 25.0, 38.0, 34.0, 41.0, 51.0, 46.0, 71.0, 52.0, 66.0, 49.0, 66.0, 78.0, 116.0, 118.0, 137.0, 154.0, 311.0, 557.0, 729.0, 1822.0, 7304.0, 256.0, 179.0, 82.0, 45.0, 43.0, 38.0, 24.0, 14.0, 10.0, 7.0, 1.0, 0.0, 0.0, 0.0, 4.0, 8.0, 7.0, 17.0, 15.0, 12.0, 20.0, 11.0, 9.0, 12.0, 4.0, 7.0, 6.0, 9.0, 1.0, 3.0, 5.0], "bins": [-0.5239589214324951, -0.507673442363739, -0.4913879632949829, -0.4751025140285492, -0.4588170349597931, -0.442531555891037, -0.42624610662460327, -0.40996062755584717, -0.39367514848709106, -0.37738966941833496, -0.36110419034957886, -0.34481874108314514, -0.32853326201438904, -0.31224778294563293, -0.2959623336791992, -0.2796768546104431, -0.263391375541687, -0.2471058964729309, -0.230820432305336, -0.2145349681377411, -0.19824948906898499, -0.18196401000022888, -0.16567854583263397, -0.14939308166503906, -0.13310760259628296, -0.11682213097810745, -0.10053665935993195, -0.08425118774175644, -0.06796571612358093, -0.051680244505405426, -0.03539477288722992, -0.019109301269054413, -0.002823770046234131, 0.013461701571941376, 0.029747173190116882, 0.04603264480829239, 0.062318116426467896, 0.0786035880446434, 0.09488905966281891, 0.11117453128099442, 0.12746000289916992, 0.14374548196792603, 0.16003094613552094, 0.17631641030311584, 0.19260188937187195, 0.20888736844062805, 0.22517283260822296, 0.24145829677581787, 0.257743775844574, 0.2740292549133301, 0.2903147339820862, 0.3066001832485199, 0.322885662317276, 0.3391711413860321, 0.3554565906524658, 0.3717420697212219, 0.388027548789978, 0.40431302785873413, 0.42059850692749023, 0.43688395619392395, 0.45316943526268005, 0.46945491433143616, 0.4857403635978699, 0.502025842666626, 0.5183113217353821]}, "gradients/conv2.0.bias": {"_type": "histogram", "values": [1.0, 0.0, 0.0, 0.0, 0.0, 0.0, 0.0, 1.0, 0.0, 0.0, 3.0, 0.0, 1.0, 1.0, 1.0, 0.0, 0.0, 1.0, 1.0, 0.0, 2.0, 0.0, 1.0, 1.0, 0.0, 1.0, 0.0, 9.0, 5.0, 0.0, 0.0, 0.0, 0.0, 0.0, 1.0, 0.0, 0.0, 0.0, 0.0, 0.0, 0.0, 0.0, 0.0, 0.0, 0.0, 0.0, 0.0, 0.0, 0.0, 0.0, 0.0, 0.0, 0.0, 0.0, 0.0, 0.0, 0.0, 0.0, 0.0, 0.0, 0.0, 0.0, 1.0, 1.0], "bins": [-0.5355350971221924, -0.5163226127624512, -0.49711012840270996, -0.47789764404296875, -0.45868515968322754, -0.43947267532348633, -0.4202602207660675, -0.4010477364063263, -0.3818352520465851, -0.36262276768684387, -0.34341028332710266, -0.32419779896736145, -0.3049853444099426, -0.2857728600502014, -0.2665603756904602, -0.247347891330719, -0.22813540697097778, -0.20892292261123657, -0.18971043825149536, -0.17049796879291534, -0.15128548443317413, -0.13207300007343292, -0.11286052316427231, -0.0936480462551117, -0.07443556189537048, -0.05522308126091957, -0.03601060062646866, -0.016798119992017746, 0.0024143606424331665, 0.021626845002174377, 0.04083932191133499, 0.060051798820495605, 0.07926422357559204, 0.09847670793533325, 0.11768918484449387, 0.13690166175365448, 0.1561141461133957, 0.1753266304731369, 0.19453909993171692, 0.21375158429145813, 0.23296406865119934, 0.25217655301094055, 0.27138903737068176, 0.290601521730423, 0.3098139762878418, 0.329026460647583, 0.3482389450073242, 0.36745142936706543, 0.38666391372680664, 0.40587639808654785, 0.42508888244628906, 0.4443013668060303, 0.4635138511657715, 0.4827263355255127, 0.5019388198852539, 0.5211513042449951, 0.5403637886047363, 0.5595762729644775, 0.5787887573242188, 0.59800124168396, 0.6172137260437012, 0.6364262104034424, 0.6556386947631836, 0.6748511791229248, 0.6940636038780212]}, "gradients/conv1.0.weight": {"_type": "histogram", "values": [2.0, 0.0, 0.0, 1.0, 2.0, 1.0, 0.0, 1.0, 1.0, 0.0, 0.0, 1.0, 0.0, 0.0, 1.0, 4.0, 5.0, 3.0, 3.0, 0.0, 1.0, 2.0, 4.0, 5.0, 1.0, 6.0, 2.0, 8.0, 7.0, 8.0, 11.0, 28.0, 1.0, 3.0, 3.0, 3.0, 0.0, 1.0, 2.0, 0.0, 1.0, 0.0, 1.0, 3.0, 1.0, 2.0, 2.0, 0.0, 1.0, 1.0, 2.0, 0.0, 0.0, 1.0, 0.0, 1.0, 0.0, 0.0, 3.0, 1.0, 0.0, 0.0, 0.0, 3.0],