{"gradients/linear.bias": {"_type": "histogram", "values": [1.0, 0.0, 0.0, 0.0, 0.0, 0.0, 0.0, 0.0, 0.0, 0.0, 0.0, 0.0, 0.0, 0.0, 0.0, 0.0, 0.0, 0.0, 0.0, 0.0, 0.0, 0.0, 0.0, 0.0, 0.0, 0.0, 0.0, 0.0, 0.0, 0.0, 0.0, 0.0, 0.0, 0.0, 0.0, 0.0, 0.0, 0.0, 0.0, 0.0, 0.0, 0.0, 0.0, 0.0, 0.0, 0.0, 0.0, 0.0, 4.0, 1.0, 1.0, 0.0, 1.0, 1.0, 0.0, 2.0, 1.0, 0.0, 0.0, 0.0, 0.0, 0.0, 0.0, 1.0], "bins": [-0.22500713169574738, -0.22039148211479187, -0.21577584743499756, -0.21116019785404205, -0.20654454827308655, -0.20192891359329224, -0.19731326401233673, -0.19269761443138123, -0.18808197975158691, -0.1834663301706314, -0.1788506954908371, -0.1742350459098816, -0.1696193963289261, -0.16500376164913177, -0.16038811206817627, -0.15577247738838196, -0.15115681290626526, -0.14654116332530975, -0.14192552864551544, -0.13730987906455994, -0.13269422948360443, -0.12807859480381012, -0.12346294522285461, -0.1188473030924797, -0.1142316609621048, -0.10961601883172989, -0.10500036925077438, -0.10038472712039948, -0.09576908499002457, -0.09115344285964966, -0.08653779327869415, -0.08192215114831924, -0.07730650901794434, -0.07269086688756943, -0.06807521730661392, -0.06345957517623901, -0.058843933045864105, -0.0542282871901989, -0.04961264133453369, -0.04499699920415878, -0.040381357073783875, -0.03576571121811867, -0.03115006908774376, -0.026534423232078552, -0.021918779239058495, -0.017303135246038437, -0.01268748939037323, -0.008071847259998322, -0.003456197679042816, 0.0011594467796385288, 0.005775091238319874, 0.010390736162662506, 0.015006380155682564, 0.01962202414870262, 0.02423767000436783, 0.028853312134742737, 0.033468957990407944, 0.03808460384607315, 0.04270024597644806, 0.047315891832113266, 0.05193153768777847, 0.05654717981815338, 0.06116282567381859, 0.0657784640789032, 0.0703941136598587]}, "gradients/linear.weight": {"_type": "histogram", "values": [27.0, 5.0, 26.0, 11.0, 5.0, 32.0, 43.0, 46.0, 40.0, 34.0, 36.0, 35.0, 27.0, 41.0, 15.0, 16.0, 49.0, 74.0, 47.0, 26.0, 34.0, 37.0, 56.0, 101.0, 55.0, 48.0, 55.0, 31.0, 61.0, 51.0, 48.0, 59.0, 55.0, 25.0, 63.0, 19.0, 24.0, 15.0, 43.0, 65.0, 133.0, 107.0, 84.0, 86.0, 110.0, 178.0, 258.0, 325.0, 462.0, 42977.0, 4793.0, 1895.0, 2123.0, 1337.0, 1296.0, 914.0, 362.0, 169.0, 128.0, 123.0, 160.0, 145.0, 96.0, 63.0], "bins": [-0.24691300094127655, -0.24190834164619446, -0.23690369725227356, -0.23189903795719147, -0.22689437866210938, -0.22188973426818848, -0.21688507497310638, -0.2118804156780243, -0.2068757712841034, -0.2018711119890213, -0.1968664675951004, -0.1918618083000183, -0.18685714900493622, -0.18185248970985413, -0.17684784531593323, -0.17184318602085114, -0.16683852672576904, -0.16183386743068695, -0.15682922303676605, -0.15182456374168396, -0.14681990444660187, -0.14181524515151978, -0.13681060075759888, -0.13180594146251678, -0.1268012821674347, -0.1217966303229332, -0.1167919710278511, -0.11178731918334961, -0.10678265988826752, -0.10177800804376602, -0.09677335619926453, -0.09176869690418243, -0.08676405996084213, -0.08175940811634064, -0.07675474882125854, -0.07175009697675705, -0.06674544513225555, -0.06174078583717346, -0.05673613399267197, -0.05173147842288017, -0.04672682285308838, -0.041722167283296585, -0.03671751171350479, -0.031712859869003296, -0.026708204299211502, -0.021703548729419708, -0.016698895022273064, -0.011694241315126419, -0.006689585745334625, -0.001684931106865406, 0.003319723531603813, 0.008324378170073032, 0.013329032808542252, 0.018333688378334045, 0.02333834208548069, 0.028342995792627335, 0.03334765136241913, 0.03835230693221092, 0.043356962502002716, 0.04836161434650421, 0.053366269916296005, 0.0583709254860878, 0.0633755773305893, 0.06838023662567139, 0.07338488847017288]}, "gradients/conv2.0.weight": {"_type": "histogram", "values": [1.0, 2.0, 1.0, 3.0, 4.0, 3.0, 4.0, 5.0, 9.0, 5.0, 6.0, 5.0, 4.0, 2.0, 3.0, 2.0, 3.0, 7.0, 7.0, 10.0, 10.0, 9.0, 8.0, 5.0, 5.0, 11.0, 14.0, 28.0, 25.0, 38.0, 37.0, 54.0, 78.0, 126.0, 274.0, 473.0, 9006.0, 1056.0, 383.0, 219.0, 208.0, 154.0, 150.0, 100.0, 52.0, 17.0, 24.0, 20.0, 15.0, 8.0, 12.0, 8.0, 4.0, 7.0, 15.0, 15.0, 7.0, 13.0, 9.0, 7.0, 5.0, 2.0, 1.0, 2.0], "bins": [-0.062471114099025726, -0.06077410653233528, -0.059077102690935135, -0.05738009512424469, -0.05568309128284454, -0.0539860837161541, -0.052289076149463654, -0.05059207230806351, -0.04889506846666336, -0.047198060899972916, -0.04550105705857277, -0.043804049491882324, -0.04210704565048218, -0.04041003808379173, -0.03871303051710129, -0.03701602667570114, -0.035319019109010696, -0.03362201154232025, -0.031925007700920105, -0.03022800013422966, -0.028530996292829514, -0.02683398872613907, -0.025136983022093773, -0.023439977318048477, -0.021742969751358032, -0.020045964047312737, -0.01834895834326744, -0.016651950776576996, -0.014954946003854275, -0.013257940299808979, -0.011560933664441109, -0.009863927960395813, -0.008166924118995667, -0.006469918414950371, -0.004772912245243788, -0.0030759060755372047, -0.001378900371491909, 0.0003181053325533867, 0.002015111967921257, 0.0037121176719665527, 0.005409121513366699, 0.007106127217411995, 0.00880313292145729, 0.010500139556825161, 0.012197145260870457, 0.013894150964915752, 0.015591157600283623, 0.01728816330432892, 0.018985170871019363, 0.02068217657506466, 0.022379182279109955, 0.0240761898458004, 0.025773193687200546, 0.02747020125389099, 0.029167206957936287, 0.030864212661981583, 0.03256122022867203, 0.03425822779536247, 0.03595523163676262, 0.037652239203453064, 0.03934924304485321, 0.041046250611543655, 0.0427432581782341, 0.04444026201963425, 0.04613726586103439]}, "gradients/conv2.0.bias": {"_type": "histogram", "values": [2.0, 0.0, 0.0, 0.0, 0.0, 0.0, 0.0, 0.0, 0.0, 0.0, 1.0, 0.0, 1.0, 0.0, 0.0, 0.0, 0.0, 0.0, 0.0, 0.0, 0.0, 1.0, 0.0, 0.0, 1.0, 0.0, 1.0, 0.0, 2.0, 0.0, 6.0, 0.0, 2.0, 1.0, 2.0, 0.0, 1.0, 0.0, 1.0, 0.0, 1.0, 1.0, 3.0, 1.0, 0.0, 1.0, 1.0, 0.0, 0.0, 0.0, 0.0, 0.0, 0.0, 0.0, 0.0, 0.0, 0.0, 0.0, 1.0, 0.0, 0.0, 0.0, 0.0, 1.0], "bins": [-0.05777348205447197, -0.05585496127605438, -0.053936444222927094, -0.052017923444509506, -0.05009940639138222, -0.04818088561296463, -0.04626236855983734, -0.044343847781419754, -0.04242532700300217, -0.04050680622458458, -0.03858828917145729, -0.0366697683930397, -0.034751251339912415, -0.03283273056149483, -0.03091421164572239, -0.02899569272994995, -0.027077175676822662, -0.025158656761050224, -0.023240137845277786, -0.0213216170668602, -0.01940310001373291, -0.017484579235315323, -0.015566060319542885, -0.013647541403770447, -0.01172902062535286, -0.009810501709580421, -0.007891982793807983, -0.005973462946712971, -0.004054944030940533, -0.0021364251151680946, -0.00021790526807308197, 0.001700613647699356, 0.0036191344261169434, 0.005537653341889381, 0.007456172723323107, 0.009374692104756832, 0.01129321102052927, 0.013211729936301708, 0.015130249783396721, 0.01704876869916916, 0.018967285752296448, 0.020885804668068886, 0.022804323583841324, 0.02472284436225891, 0.0266413614153862, 0.028559882193803787, 0.030478401109576225, 0.03239692002534866, 0.03431544080376625, 0.03623396158218384, 0.03815247863531113, 0.040070999413728714, 0.041989516466856, 0.04390803724527359, 0.04582655429840088, 0.047745075076818466, 0.04966359585523605, 0.05158211663365364, 0.05350063368678093, 0.05541915446519852, 0.057337671518325806, 0.05925619229674339, 0.06117471307516098, 0.06309323012828827, 0.06501174718141556]}, "gradients/conv1.0.weight": {"_type": "histogram", "values": [2.0, 0.0, 0.0, 2.0, 0.0, 1.0, 0.0, 0.0, 0.0, 0.0, 1.0, 0.0, 0.0, 0.0, 0.0, 0.0, 0.0, 0.0, 1.0, 1.0, 1.0, 1.0, 0.0, 0.0, 2.0, 0.0, 0.0, 0.0, 1.0, 1.0, 1.0, 2.0, 0.0, 1.0, 0.0, 0.0, 0.0, 0.0, 0.0, 0.0, 0.0, 0.0, 2.0, 1.0, 0.0, 2.0, 1.0, 1.0, 3.0, 4.0, 0.0, 2.0, 2.0, 73.0, 14.0, 3.0, 2.0, 1.0, 2.0, 4.0, 0.0, 2.0, 4.0, 3.0],